,name,price_current,price_original,reviews_number,seller,score,brand,Series,Color,height_cm,width_cm,screen_size_in,resolution_x,resolution_y,proc_brand,Tipo de procesador,proc_speed_ghz,ram,Tecnología de la memoria,ram_type,ram_max,memory,Descripción del disco duro,memory_interface,Coprocesador de gráficos,Descripción de la tarjeta gráfica,Tipo de RAM para gráficos,gpu_ram,Interfaz de la tarjeta gráfica,Tipo de conexión inalámbrica,usb_2,usb_3,Tipo de unidad óptica,os,battery_wh,battery_cells,weight_kg,Número de modelo del producto,since
0,"Huawei MateBook D 15"" - AMD Ryzen, Windows 10-8+256 GB,15.6 Pulgadas, Color Plateado (Mystic Silver)",14999.0,,139,Huawei,4.7,Huawei,Matebook D 15,Gris,0.17,35.8,15.0,1920,1080,AMD,Ryzen 5 3500U,2.2,8,DDR4,DDR4 SDRAM,8.0,256,Flash Memory Solid State,PCIE x 2,AMD Radeon RX Vega 8,Integrated,DDR4 SDRAM,8,Integrado,Bluetooth,2,1,None,Windows 10 Home,42,2,2.3,6901443370764,2020-02-20
1,"HUAWEI Matebook 13 New- Computadora portátil ultradelgada 13"" (Intel Core i5-8265U, 8GB RAM + 512GB SSD, Nvidia GeForce MX250, Windows 10), Color Mystic Silver",20999.0,,55,Huawei,4.3,HUAWEI,Matebook 13,,0.15,28.6,13.0,,,Intel,Intel Core i5,3.9,8,DDR4,SDRAM,8.0,,Memoria flash de estado sólido,,NVIDIA GeForce MX250,Integrada,DDR4 SDRAM,,Integrado,,,2,Ninguno,Windows 10,41,1,2.2,Wright W19GL,2020-01-14
2,"HP Laptop, Pantalla de 15"" HD, Procesador A9, 4GB RAM, 1TB HDD, Sistema operativo Windows 10, Color Pale Gold (15-db0004la)",,,32,HP,3.7,HP,15-db0004la,"Oro, Gris",0.23,24.4,15.6,1366,768,AMD,None,3.7,4,SO-DIMM,,4.0,1000,,,,No disponible,,,,802.11bgn,1,2,No,Windows 10,41,3,2.5,15-db0004la,2018-05-30
3,"HP Laptop 240 G7 14"" Intel Celeron N4000 4GB 500GB Windows 10 Home",7700.0,9417.57,23,HP,4.1,HP,,,,,14.0,,,Intel,Celeron N,2.6,4,,DDR3 SDRAM,,500,,Serial ATA,,,,,,,,,,Windows 10 Home,5,2,2.2,6EH30ELIFE2TB,2019-08-03
4,"Asus Chromebook C423NA-DH02 computadora portátil Plata 35.6 cm (14"") 1.10 GHz Intel® Celeron® N3350 - Ordenador portátil (Intel® Celeron®, 1.10 GHz, 35.6 cm (14""), 4 GB, 32 GB, Chrome OS)",6749.93,7239.0,623,Asus,3.9,Asus,C423NA-DH02,Plata,0.15,22.9,14.0,,,Intel,,1.1,4,LPDDR4-SDRAM,DDR4 SDRAM,8.0,32,,Serial ATA,Intel HD Graphics 500,No disponible,Shared,,Integrado,802.11ac,,,No,Chrome OS,38,2,2.1,C423NA-DH02,2018-10-16
5,"ASUS Chromebook C202SA-YS02 11.6"" Ruggedized and Water Resistant Design with 180 Degree (Intel Celeron 4 GB, 16GB eMMC, Dark Blue, Silver)",6106.49,,3182,Asus,4.1,Asus,Chromebook,N3060 | 16G | Ruggedized,20.1,0.23,11.6,1366,768,Intel,Intel Celeron,1.6,4,LPDDR3-SDRAM,DDR3L-1600 SDRAM,8.0,16,,Solid State,Intel HD Graphics,integrated,Shared,,Integrado,802.11ac,,,No Optical Drive,Chrome,38,2,1.8,C202SA-YS02,2016-03-23
6,"Asus Laptop VivoBook 14"" Core i3 10a Gen, 4GB RAM + 4GB DDIM, 512GB SSD + 32GB Optane, Azul, X412FA-BV786T",12499.0,13999.0,,Asus,,Asus,X412FA-BV786T,,,,14.0,,,Intel,Core i3-10110U,4.1,8,DDR4,,12.0,,Memoria flash de estado sólido,,,Integrada,DDR DRAM,,Integrado,,1,2,Ninguno,Windows 10,1000,1,2.2,,2020-03-31
7,"LAPTOP GAMING DELL G3 15.6"", GEFORCE GTX 1050,  CORE i5 9 Gen. RAM 8GB, 256 SSD BLANCO (G3590W_i582561050W10s_520)",19299.0,21499.01,74,Dell,4.4,Dell,Gaming G3 15,,0.09,36.6,15.6,,,Intel,Intel Core i5,4.1,8,,,32.0,,,,NVIDIA GeForce GTX 1050,nvidia_geforce_gtx_1050,,,,802.11ac,,,,Windows 10,51,3,3.5,G3590W_i582561050W10s_520,2019-08-05
8,"Laptop Dell Inspiron 7490, Pantalla 14”, Procesador Core i7 10a. Gen., 8GB RAM , 256 SSD, Win 10, Color Plata (I7490_i78256SW10s_520)",27999.0,,2,Dell,5.0,Dell,Inspiron Notebooks,,0.07,32.0,14.0,,,Intel,Intel Core i7,4.9,8,,,16.0,,,,,,,,,802.11ac,,,,Windows 10,52,4,1.8,I7490_i78256SW10s_520,2019-09-23
9,"Acer Aspire E 15, Intel Core 8º generación,",14599.0,,1510,Acer,4.1,Acer,,Obsidian Black,0.3,25.9,15.6,,,Intel,Intel Core i5,1.6,8,,DDR SDRAM,32.0,256,,,MX150,Dedicated,GDDR5,,Integrado,802.11ac,1,,DVD-RW,Windows 10,28,6,3.2,E5-576G-5762,2018-03-05
10,"Acer Laptop, Pantalla de 15.6"", Intel  Core i5_8250u 1.6GHz, 8GB RAM, 1TB HDD, Bluetooth+ Wi-Fi, Windows 10, Negro (A515-51-52NC)",14499.0,,21,Acer,4.2,Acer,COMACR7520,Negro,31.0,7.0,15.6,,,Intel,Intel Core i5,2.8,8,,,256.0,1000,,,,,,,Integrado,802.11b/g,,2,None,Windows 10,48,4,3.0,COMACR7520,2018-07-01
11,"Acer Spin 3 Convertible Laptop, 14"" Full HD IPS Touch, 8th Gen Intel Core i7-8565U, 16GB DDR4, 512GB PCIe NVMe SSD, Backlit KB, Fingerprint Reader, Rechargeable Active Stylus, SP314-53N-77AJ",23091.8,,737,Acer,4.4,Acer,SP314-53N-77AJ,,0.2,23.9,14.0,,,Intel,,,16,DDR4,,16.0,512,,Solid State,Intel UHD Graphics 620,Integrated,Shared,,Integrado,802.11ac,1,,None,Windows 10 Home,54,3,2.6,SP314-53N-77AJ,2019-06-22
12,"ASUS Laptop BR1091T. Intel Core i5. 8GB RAM. 1TB HDD. Windows 10. 15.6"" Gris",14699.0,,49,Asus,4.5,Asus,Asus Laptop,Gris,26.6,0.22,15.6,,,Intel,Core i5 8250U,1.6,8,,,16.0,,SATA 1TB 5400RPM 2.5' HDD,,Intel UHD Graphics 620,,,,,802.11bgn,,1,,Windows 10,42,1,3.3,X507UA-BR1091T,2019-08-05
13,"Huawei MateBook D 15"" - AMD Ryzen, Windows 10-1TB+256 GB, 8GB RAM,15.6 Pulgadas, Color Plateado (Mystic Silver)",15999.0,,4,Huawei,3.8,HUAWEI,"MateBook D 15""",Negro,,,15.6,,,,,,8,DDR4,DDR4 SDRAM,,,,,AMD Radeon RX Vega 8,,,,,,,,,Windows,,1,2.4,,2020-01-31
14,"Acer Chromebook 3.5GHz computadora Negro PC, Chromebook, Blanco, 4GB RAM, 32GB",7890.13,,2140,Acer,4.3,Acer,CB5-132T,Blanco,0.19,29.4,11.6,,,Intel,Intel Celeron,1.6,4,DDR3 SDRAM,,4.0,32,Solid State Drive,,Intel HD Graphics,intel_hd,,,Integrado,802.11ac,1,,,Chrome OS,32,6,2.0,CB5-132T-C1LK,2016-08-05
15,"Lenovo IdeaPad (81VS0001US)  - Laptop 14"" AMD A6-9220E 4GB(RAM)  64GB (Memoria Flash) Radeon R4, Wiondows 10",8090.0,,109,Lenovo,3.5,Lenovo,81VS0001US,gris,8.1,47.0,14.0,1366,768,AMD,A6-5200,1.8,4,SO-DIMM,,4.0,32,Memoria flash de estado sólido,ATA-5,AMD Radeon R4,Integrada,DDR4 SDRAM,,Integrado,802.11ac,,2,Ninguno,Windows 10,2,2,2.1,81VS0001US,2019-11-11
16,"HP 13-ag0002la Laptop 13.3"" FHD Táctil, AMD Ryzen 5 2500U 2.0GHz, 8GB RAM, 256 SSD, Gráficos AMD Radeon Vega, Windows 10",19999.0,,62,HP,4.4,HP,13-ag0002la,Negro,0.15,21.5,13.3,,,AMD,None,3.2,8,,,8.0,,,,,,,,,802.11bgn,,3,,Windows 10,53,,2.4,13-ag0002la,2018-08-01
17,"HP 14-cd0009la Laptop 14"" HD Táctil, Intel Core i5-8250U 1.6GHz, 4GB RAM, 1TB HDD, Gráficos Intel UHD 620, Windows 10",15474.0,,85,HP,3.5,HP,14-cd0009la,"Oro, Plata",0.2,22.4,14.0,1920,1080,Intel,Intel Core i5,3.4,4,DDR4-SDRAM,,16.0,1000,,Serial ATA,Intel UHD Graphics 620,No disponible,,,,802.11bgn,,3,No,Windows 10,41,,2.3,14-cd0009la,2018-05-30
18,"LAPTOP GAMING DELL G3 15.6"", GEFORCE GTX 1650,  CORE i5 9 Gen. RAM 8GB, 512 SSD BLANCO (G3590W_i585121650W10s_520)",21999.0,23499.0,14,Dell,4.8,Dell,Gaming G3 15,,0.09,36.6,15.6,,,Intel,Intel Core i5,4.1,8,,,32.0,,,,,,,,,802.11ac,,,,Windows 10,51,3,3.5,G3590W_i585121650W10s_520,2019-08-05
19,"LAPTOP GAMING DELL G3 15.6"", GEFORCE GTX 1660 Ti,  CORE i5 9 Gen. RAM 8GB, 512 SSD BLANCO (G3590W_i585121660W10s_520)",22399.0,26299.0,4,Dell,4.7,Dell,Gaming G3 15,,0.09,36.6,15.6,,,Intel,Intel Core i5,4.1,8,,,32.0,,,,,,,,,802.11ac,,,,Windows 10,51,3,3.7,G3590W_i585121660W10s_520,2019-08-05
20,"MSI GF63 Thin 9SC-403MX 15.6"" 60Hz FHD Gaming Laptop, Intel Core i5-9300H, 8GB RAM, GTX1650 Max Q 4GB, 1TB HDD, 128GB SSD, Win10 Home",26549.24,27998.99,36,MSI,4.3,MSI,GF63,Negro,25.4,0.22,15.6,,,Intel,Intel Core i5,2.4,8,,,64.0,,,,,,,,,802.11ac,,1,,Windows 10,51,3,3.5,GF63 Thin 9SC-403MX,2019-06-01
21,"MSI GL75 9SE-224MX Notebook_Computer, 15.6inches, Intel Core_i7 2.6GHz, 6GB, GB, Windows 10,",31860.07,33398.43,,MSI,,MSI,GL-75,Negro,27.1,0.28,15.6,,,Intel,Intel Core i7,2.6,6,DDR,DDR SDRAM,64.0,,,,,,,,,802.11ac,,3,,Windows 10,51,1,5.5,GL75 9SE-224MX,2019-10-01
22,Dell Laptop Latitude 3400 Intel Core I5 8265 8 GB de Ram 1 TB DD con Win 10 Pro,14399.0,17000.0,1,Dell,5.0,Dell,,,,,14.0,,,Intel,Core i5 8250U,1.6,8,,DDR DRAM,,1,,Solid State,,,,,,,,,,Windows XP Professional Edition,42,1,2.6,,2019-12-16
23,"Lenovo Laptop IdeaPad L340-15API 15.6"", AMD RYZEN 5, RAM 8GB,2TB HDD Abyss Blue",12840.0,13999.0,1,Lenovo,5.0,Lenovo,Ideapad L340-15API,Azul Profundo,0.23,36.3,15.6,,,AMD,AMD R Series,2.0,8,DDR4,SODIMM,,2,,ATA,,,,,,,,,,Windows 10 Home,4000,4,2.6,L340-15API,2020-01-10
24,"Alienware Laptop Gaming DELL 15YAW,  Core i7 9a.Gen, RAM 16GB,  512GB SSD, NVIDIA GeForce RTX 2060, Windows 10, Blanco (A15YAW_i7165122060W10s_520)",49999.0,54799.0,1,Alienware,5.0,Alienware,Alienware R2,,0.08,36.0,15.6,,,Intel,Intel Core i7,4.5,16,,,16.0,,,,NVIDIA GeForce RTX 2060,,,,,802.11ac,,,,Windows 10,76,6,4.9,A15YAW_i7165122060W10s_520,2019-08-05
25,"Dell Laptop 2EN1 7390,  Core i7 10a.Gen, RAM 16GB, 1TB, 512GB SSD, Intel Iris Plus, Windows 10, Negro (X7390_i7T16512BW10Ps1PS_520)",39399.0,,2,Dell,5.0,Dell,XPS Notebooks,,0.05,29.6,13.4,,,Intel,Intel Core i7,3.9,16,,,32.0,,,,,intel_iris,,,,802.11ac,,,,Windows 10,51,4,2.6,X7390_i7T16512BW10Ps1PS_520,2019-09-23
26,"Lenovo Laptop Gaming Legion Y740-15IRH 17.3"", NVIDIA GEFORCE RTX 2070_TI, Intel Core i7, RAM 32GB, 512GB SSD + 1TB HDD Negro",53999.0,59999.0,4,Lenovo,3.3,Lenovo,Legion,Negro,30.5,0.22,17.3,,,Intel,Intel Core i7,2.6,32,DDR3,DDR4 SDRAM,32.0,1000,,,NVIDIA GeForce RTX 2070,,,,PCI,802.11bgn,,1,None,Windows 10,5,3,5.4,Legion Y740-17IRHg,2019-08-26
27,"ASUS VivoBook BR567T. AMD Dual Core R3-2200U. 6GB RAM. AMD Radeon Vega 3 Graphics. 1TB. Windows 10. 15.6"". Gris",12499.01,,3,Asus,5.0,Asus,ASUS Vivobook,Matt Dark Grey,36.1,24.4,15.6,,,AMD,None,2.5,6,,,16.0,1000,Sata,,AMD Radeon Vega 3,,,,,802.11ac,,1,,Windows 10,3,1,3.5,X505ZA-BR567T,2019-04-15
28,"Asus Laptop VivoBook, 14"", Core i5 10a Gen, 8GB RAM, 512GB SSD + 32GB Optane, Plata, X412FA-BV787T",15999.0,,,Asus,,Asus,X412FA-BV787T,,,,14.0,,,Intel,Core i5-10210U,1.6,8,DDR4,,12.0,8,Unidad híbrida,PCIE x 2,,Integrada,DDR4 SDRAM,8,Integrado,,2,1,Ninguno,Windows 10,1000,1,2.2,X412FA-BV787T,2020-03-10
29,"Lenovo IdeaPad C340-15IWL NOTEBOOK_COMPUTER,Bluetooth+ Wi-Fi,15.6inches,Intel core_i5 2.1GHz,4GB,DDR3,1000GB,Windows 10,Plata",14999.0,16999.0,4,Lenovo,3.0,Lenovo,ideaPad C340-15IWL,Plata,25.0,0.2,15.6,,,Intel,Intel Core i5,2.1,4,DDR3,DDR4 SDRAM,16.0,1000,,,,,,,Integrado,802.11bgn,,2,None,Windows 10,5,3,2.8,IdeaPad C340-15IWL,2019-08-26
30,"Notebook IdeaPad S340-15IIL Ci5, 12 GB, 1 TB DD",18499.0,,,Lenovo,,Lenovo,Ideapad S340,Azul Profundo,0.18,24.5,,,,,,,12,,,,,,,,,,,,,,,,,30,1,2.0,S340-15IIL,2019-09-19
31,"Acer Chromebook 14, aluminio, 14 pulgadas, HD total, Intel Celeron Quad-Core N3160, 4 GB LPDDR3, 32 GB, Chrome, CB3 – 431-C5FM, Dorado cromado , Oro Lujoso",7734.11,,1612,Acer,4.1,Acer,CB3-431,Oro Lujoso,0.17,34.1,14.0,,,Intel,Intel Celeron,1.6,4,,DDR3 SDRAM,4.0,32,,,Intel HD Graphics,intel_hd,,,AGP,802.11ac,1,,,Chrome,39,3,2.2,CB3-431-C0AK,2016-08-06
32,"MSI Modern 14 A10RB-645MX 14"" 60Hz FHD Content Creator Laptop, Intel Core I7-10510U, 8GB RAM, MX250 2GB, 512GB SSD, Win10 Home",34999.0,,1,MSI,5.0,MSI,Modern 14,Gris,22.2,0.16,14.0,,,Intel,Intel Core i7,1.8,2,DDR,DDR SDRAM,32.0,,,,,,,,,802.11ac,,2,,Windows 10,50,,2.7,Modern 14 A10RB-645MX,2019-10-01
33,"Acer Aspire 5 Slim Laptop, 15.6"" Full HD IPS Display, 10th Gen Intel Core i5-10210U, 8GB DDR4, 256GB PCIe NVMe SSD, Intel Wi-Fi 6 AX201 802.11ax, Fingerprint Reader, Backlit KB, A515-54-59W2",16762.55,,74,Acer,3.9,Acer,A515-54-59W2,Silver,0.18,25.0,15.6,,,Intel,Intel Core i5,4.2,8,DDR4,DDR4 SDRAM,20.0,256,,Solid State,Intel UHD Graphics 620,Integrated,Shared,,Integrado,802.11ax,1,,No Optical Drive,Windows 10 Home,38,4,2.6,A515-54-59W2,2019-12-05
34,"Asus Laptop ZenBook 15.6"", GeForce GTX 1650, Core i7 10a Gen, 16GB RAM, 1TB SSD, Dual Screen, Royal Blue, UX534FTC-A8068T",34999.0,,,Asus,,Asus,UX534FTC-A8068T,,,,15.6,,,Intel,Core i7-10510U,4.9,16,DDR5 RAM,,16.0,,Memoria flash de estado sólido,,,NVIDIA GeForce GTX 1650 MAX Q,DDR5 SDRAM,16,PCI-E,,1,2,Ninguno,Windows 10,,1,3.0,,2020-03-31
35,"Acer Aspire 5 Slim Laptop, 15.6"" Full HD IPS Display, AMD Ryzen 7 3700U, RX Vega 10 Graphics, 8GB DDR4, 512GB SSD, Teclado retroiluminado, Windows 10 Home, A515-43-R6DE",18472.16,,14,Acer,3.9,Acer,A515-43-R6DE,Plateado,0.18,24.7,15.6,,,AMD,AMD Ryzen 7,4.0,8,DDR4,DDR4 SDRAM,16.0,512,,Solid State,AMD Radeon RX Vega 10,Integrated,Shared,,Integrado,802.11ac,2,,No Optical Drive,Windows 10 Home,38,3,2.6,A515-43-R6DE,2019-11-18
36,"Huawei Matebook X Pro New - Computadora portátil táctil 13.9"" 3K (Intel Core i7-8565U, 8GB RAM + 512GB SSD, Nvidia GeForce MX250, Windows 10), Color Space Grey",34999.0,,5,Huawei,4.0,HUAWEI,Matebook X Pro 2020,,,,13.9,,,,,,512,,,,,,,NVIDIA GeForce MX250,,,,,,,,,Windows,,1,2.5,,2020-01-14
37,"Lenovo Laptop IdeaPad S340-15API 15.6"", AMD RYZEN3, RAM 8GB, 2TB HDD Silver",,,7,Lenovo,4.2,Lenovo,IdeaPad S340-15API,Plata,24.5,0.18,15.6,,,AMD,None,3.5,8,DDR3,DDR4 SDRAM,12.0,2000,,,,,,,Integrado,802.11bgn,,2,,Windows 10,5,3,2.5,81NC0026LM,2019-08-26
38,"ASUS VivoBook BR410T. AMD 2-Core A6. 6GB RAM. 1TB HDD.Windows 10.  15.6"". Roja",10999.0,,,Asus,,Asus,ASUS VivoBook 15,Rojo,24.3,0.2,15.6,,,AMD,Apple A6,2.6,4,,,6.0,,SATA 1TB 5400RPM 2.5' HDD,,AMD Radeon R4,,,,,802.11ac,,1,,Windows 10,42,1,2.5,X505BA-BR410T,2019-08-05
39,"Laptop Dell Inspiron 5593, Pantalla 15.6"", Procesador Core i5 10a. Gen, 8GB RAM, 256 SSD, WIN 10, Color AZUL , I5593_i58256LW10s_520",16909.0,19299.0,2,Dell,3.0,Dell,Inspiron,Azul,0.08,36.4,15.6,,,Intel,Intel Core i5,3.6,8,,,16.0,,,,,,,,,802.11ac,,,,Windows 10,42,3,2.6,I5593_i58256LW10s_520,2019-10-14
40,"Acer Chromebook 15 CB3-532-C42P Negro 39.6 cm (15.6"") 1366 x 768 Pixeles 1.6 GHz Intel® Celeron® N3060 - Ordenador portátil (Intel® Celeron®, 1.6 GHz, 39.6 cm (15.6""), 1366 x 768 Pixeles, 4 GB, 16 GB)",7269.78,,106,Acer,4.1,Acer,CB3-532-C42P,Negro,0.24,25.6,15.6,1366,768,Intel,Intel Celeron,1.6,4,LPDDR3-SDRAM,DDR3 SDRAM,4.0,16,SSD,eSATA,Intel HD Graphics 400,No disponible,Shared,,Integrado,Bluetooth,,,No,Chrome OS,56,3,2.7,CB3-532-C42P,2017-05-26
41,"BIT W11046APB Core+ Windows 10 PC Desmontable, Cherry Trail CPU, 4GB RAM 64GB Almacenamiento, HD Touchscreen 11.6"", Negro, Plateado, 11-11.99 Inches",6199.43,,3,BIT,2.7,BIT,W11046APS,Silver,0.17,18.3,11.6,,,Intel,Atom Z8300,1.44,4,DDR3L,,4.0,64,,,Intel HD Graphics,Integrated,,,,Bluetooth,2,,None,Windows 10 Home,31,,2.0,W11046APS,2016-10-03
42,"ASUS  GAMER. TUF AL044T. Ryzen 7. 8GB RAM. NVIDIA GeForce GTX 1650. 1TB HDD. Windows 10. 15.6"". Negra",24999.0,26999.0,2,Asus,5.0,Asus,ASUS TUF,Texture - Plastic,26.2,0.25,15.6,,,NVIDIA,Geode GX,2.3,8,,,32.0,,SATA 1TB 5400RPM 2.5' HDD,,NVIDIA GeForce GTX 1650,nvidia_geforce_gtx,,,,802.11ac,,2,,Windows 10,42,1,3.4,FX505DT-AL044T,2019-08-05
43,"ASUS Zenbook Flip E1108T. Intel Core i5 8th gen 8GB RAM. 256 SSD. Windows 10. 14"".Dorada",24999.0,,3,Asus,5.0,Asus,Asus,Icicle Dorado,29.3,9.0,14.0,,,Intel,Intel Core i5-3330S,1.6,8,,DDR SDRAM,8.0,256,,Serial ATA,,,,,,Bluetooth,,3,,Windows 10,57,3,2.8,UX461UA-E1108T,2019-02-28
44,"ASUS VivoBook BV123T. Intel Core i3. 8GB RAM. 256 SSD. Windows 10. 14"". Gris",14999.01,,5,Asus,5.0,Asus,ASUS VivoBook,TRANSPARENT SILVER,32.2,21.0,14.0,,,Intel,None,2.3,8,,,,,,,,,,,,802.11ac,,,,Windows 10,2,1,3.0,X420UA-BV123T,2019-04-15
45,"LAPTOP GAMING DELL ALIENWARE M15 15.6"", GEFORCE RTX 2080,  CORE i7 8 Gen. RAM 16GB, 1TB DD + 256SSD PLATA (A15OR_i716125680W10s_120)",69999.01,,,Alienware,,Alienware,Alienware m15,,0.1,36.3,15.6,,,Intel,Intel Core i7,4.1,16,,,16.0,1000,,,NVIDIA GeForce RTX 2080,,,,,802.11ac,,,,Windows 10,60,3,4.9,A15OR_i716125680W10s_120,2019-02-25
46,"Asus TUF Thin & Light Gaming Laptop PC (FX504), 8th Gen Intel Core i7 | GTX 1050 Ti 4GB, Black Matter Edition",24399.0,,504,Asus,4.2,Asus,FX504GE-ES72,Negro,0.25,26.2,15.6,1920,1080,Intel,,2.2,8,DDR4-SDRAM,DDR4 SDRAM,32.0,256,,Serial ATA-600,NVIDIA GeForce GTX 1050 Ti,NVIDIA GeForce GTX 1050 Ti,GDDR5,,PCI-E,802.11a/b/g/n/ac,1,,No,Windows 10 Home,48,4,3.5,FX504GE-ES72,2018-07-08
47,"Dell Inspiron 2020 Premium 14” HD Laptop Notebook Computer, 4-Core 10th Gen Intel Core i5-1035G4 up to 3.7 GHz, Iris Plus Graphics, 8GB RAM, 128GB SSD, No DVD,Webcam,Bluetooth,Wi-Fi,HDMI,Windows 10",,,73,Dell,3.9,Dell,Dell laptop,Negro,0.2,24.1,14.0,1366,768,Intel,Intel Core i5,1.1,8,DDR4,DDR4 SDRAM,8.0,128,,Solid State,Intel Iris Plus Graphics,intel_iris,DDR3 SDRAM,,Integrado,802.11ac,1,,No Optical Drive,Windows 10,28,2,2.4,Dell Inspiron,2019-12-12
48,"Lenovo Legion Y740-17IRHg NOTEBOOK_COMPUTER,Bluetooth+ Wi-Fi,17.3inches,Intel core_i7 2.6GHz,32GB,DDR3,1000GB,Windows 10,Negro",69999.0,,1,Lenovo,5.0,Lenovo,Legion Y740-17IRHg,Negro,30.5,0.22,17.3,,,Intel,Intel Core i7,2.6,32,DDR3,DDR4 SDRAM,32.0,1000,,,NVIDIA GeForce RTX 2080,,,,PCI,802.11bgn,,1,None,Windows 10,5,3,5.4,Legion Y740-17IRHg,2019-08-26
49,"Lenovo IdeaPad 330s-14AST Laptop 14"" HD, AMD A9, 4GB RAM, 1TB HDD, Windows 10",11099.0,,34,Lenovo,3.7,Lenovo,IdeaPad 330s-14AST,Grey,31.0,6.7,14.0,,,AMD,Intel Core i5-3330S,3.1,4,DDR4,DDR4 SDRAM,8.0,1024,,,,,,,,Bluetooth,,3,,Windows 10,30,2,2.1,IdeaPad 330s-14AST,2018-07-18
50,"Asus Laptop VivoBook 15.6"", Core i7,  8GB RAM, 512GB SSD + 32GB Optane, X512FA-BR1412T",17999.0,19999.0,,Asus,,Asus,X512FA-BR1412T,,,,15.6,,,Intel,Core i7-10510U,1.8,8,DDR4,,12.0,8,Unidad híbrida,PCIE x 4,,Integrada,DDR4 SDRAM,8,Integrado,,2,2,Ninguno,Windows 10,1000,1,2.5,,2020-03-10
51,"2020 HP 15.6"" Touchscreen Laptop Computer, Quad-Core AMD Ryzen 7 3700U up to 4.0GHz, 12GB DDR4 RAM, 256GB PCIe SSD, 802.11ac WiFi, Bluetooth 4.2, USB 3.1 Type-C, HDMI, Silver, Windows 10 Home",21099.0,,16,HP,4.4,HP,15-ef,,0.2,24.2,15.6,1366,768,AMD,AMD R Series,2.3,12,"SDRAM, DDR4",DDR4 SDRAM,12.0,256,,PCIE x 4,AMD Radeon RX Vega 10 Graphics,amd_radeon_rx,DDR3 SDRAM,2,Integrado,"802.11b/g, 802.11ac, 802.11bgn, 802.11b",,,No Optical Drive,Windows 10,41,3,2.2,15-ef,2020-01-12
52,"ASUS ZenBook Flip 14 Ultra Slim Convertible Laptop, 14"" Full HD Wideview, 8th Gen Intel Core i7-8565U Processor, 16GB LPDDR3, 512GB NVMe PCIe SSD, GeForce MX150, Stylus, Windows 10 - UX461FN-DH74T",31699.0,,72,Asus,4.0,Asus,ASUS,,0.13,22.6,14.0,,,Intel,Intel Core i7,4.6,16,DDR3,,16.0,512,,Solid State,NVIDIA GeForce MX150,,GDDR5,,PCI-E,802.11a/b/g/n/ac,,2,None,Windows 10 Home,57,3,2.7,UX461FN-DH74T,2018-12-01
53,"Lenovo Laptop IdeaPad L340-15API 15.6"", AMD RYZEN 7, RAM 8GB,2TB HDD Black",16299.0,,1,Lenovo,5.0,Lenovo,Ideapad L340-15API,Negro,0.23,36.3,,,,,,,,,,,,,,,,,,,,,,,,4000,4,2.5,L340-15API,2020-02-05
54,"Asus ZenBook 15 Ultra-Slim Laptop, SSD de 512 GB | GTX 1050, Azul Royal, No ScreenPad",50999.0,,315,Asus,4.1,Asus,UX533FD-DH74,Azul Royal,0.18,22.1,15.6,,,Intel,,1.0,16,DDR4,,16.0,512,,Solid State,GTX 1050 Max-Q,Dedicated,GDDR5,,PCI-E,802.11ac,,,None,Windows 10 Home,73,4,2.6,UX533FD-DH74,2019-01-23
55,"Asus Vivobook S15 S532 Portátil Delgado y Ligero de 15,6"" FHD, Intel Core i5-10210U CPU, 8GB DDR4 RAM, 512 GB PCIe SSD, Windows 10 Home, cámara IR S532FA-DH55, Musgo Verde, 15-15.99 Inches",23098.7,,4,Asus,3.7,Asus,VivoBook S15 S532,Musgo verde,0.18,23.1,15.6,,,Intel,,,8,DDR4,DDR4 SDRAM,12.0,512,,Solid State,Intel UHD Graphics,Integrated,Shared,8,Integrado,"802.11ax, Bluetooth",2,,No Optical Drive,Windows 10 Home,42,3,2.9,S532FA-DH55-GN,2020-03-21
56,"Lenovo IdeaPad S150 (81VS0001US) Laptop, 14"" HD Display, AMD A6-9220e Upto 2.4GHz, 4GB RAM, 64GB eMMC, HDMI, Card Reader, Wi-Fi, Bluetooth, Windows 10 Home",8699.0,,29,Lenovo,3.4,Lenovo,IdeaPad,Plateado,0.2,32.8,14.0,1366,768,AMD,AMD A6,1.6,4,,SODIMM,4.0,64,,Solid State,AMD Radeon R4 Series,Integrated,DDR3 SDRAM,2,Integrado,802.11ac,,,No Optical Drive,Windows 10,20,2,2.1,S150,2019-12-22
57,"Dell I3480_i541TBW10s_120 Notebook_Computer,, 14inches, Intel Core_i5 3.9GHz, 4GB,, 1000GB, Windows 10,",14249.01,599.0,5,Dell,2.8,Dell,Inspiron,,0.1,33.9,14.0,,,Intel,Intel Core i5,3.9,4,,,4.0,1000,,,,,,,,802.11ac,,2,,Windows 10,42,3,2.5,I3480_i541TBW10s_120,2019-02-18
58,"Acer Spin 5 Full HD Touch, 8va generación habilitada para Amazon Alexa, 8GB DDR4, 256 GB SSD , PC, Gris Acero, PC",21789.15,,58,Acer,3.7,Acer,SP513-52N-52PL,Gris Acero,0.16,32.4,13.3,,,Intel,Intel Core i5,3.4,8,,,8.0,256,,Solid State,Intel UHD Graphics 620,Integrated,L2 cache,,PCI-E,802.11ac,1,,None,Windows 10 Home,48,3,2.2,SP513-52N-52PL,2018-05-29
59,"HP High Performance 2-in-1 Convertible Laptop, 15.6” FHD Touch-Screen IPS Display, Latest Intel Quad-Core Processor, 24GB RAM Memory, 1TB HDD, Bluetooth, 802.11AC, Windows 10",24690.0,,3,HP,5.0,HP,15CR-CL,,0.2,25.4,15.6,,,Intel,Intel Core i5,1.6,8,SDRAM,DDR4 SDRAM,,1000,,USB,Intel HD Graphics 620,Integrated,,,,"802.11ac, 802.11bgn",,,,Windows 10,8,3,2.5,15CR-CL,2019-11-24
60,"Laptop Dell XPS 9570 -Touchscreen de 15,6"" pulgadas UHD (3840 x 2160) 32 GB RAM, 1TB SSD, Lector de Huellas Dactilares Windows 10 Pro- Plateado",65050.0,,29,Dell,3.5,Dell,XPS 9570,,,,15.6,,,Intel,Intel Core i7,4.1,32,,DDR4 SDRAM,,1,,Solid State,GTX 1050Ti,nvidia_geforce_gtx_1050_ti,,,,802.11ac,,,,Windows 10,3,3,3.6,XPS 9570,2018-07-08
61,"HP ENVY x360 Convertible, Pantalla de 15"" FHD, Procesador Intel core 8ª generación, 12GB RAM, 1TB HDD, Sistema operativo Windows 10, Color Silver (15-cn0001la)",27999.01,,7,HP,3.9,HP,HP ENVY x360 Convertible,,0.19,35.9,15.6,,,Intel,Intel Core i5,1.6,8,,,8.0,,,,,,,,,802.11bgn,,3,,Windows 10,41,,3.3,15-cn0001la,2018-06-01
62,"Goldengulf 2020 - Ordenador portátil de 10,1 pulgadas Android 6.0 Quad Core Mini Notebook Netbook 8 GB WiFi Webcam USB Netflix YouTube Google Player Flash, Blanco, 25.6 cm",3783.7,,7,Goldengulf,3.2,Goldengulf,CLP-290,Blanco,0.25,19.0,10.1,,,Allwinner,,,1,DDR3,DDR3 SDRAM,,8,,Ethernet 100Base-T,1,,,,,802.11bgn,2,,,Android,3,1,1.1,CLP-290,2020-04-09
63,Lenovo Ideapad 530S Laptop de 14 Pulgadas,22066.28,,2,Lenovo,4.5,Lenovo,IdeaPad 530s,Negro,0.15,32.3,14.0,,,AMD,Ryzen 5 2500U,2.0,8,,,16.0,,,Solid State,AMD Radeon Vega 8,,DDR4 SDRAM,,Integrado,802.11ac,,,None,Windows 10,45,4,2.1,81H1000SUS,2018-10-12
64,"2019 Newest Lenovo IdeaPad 15.6"" HD High Performance Laptop PC |7th Gen AMD A9-9425 Dual-Core 3.10 GHz| 4GB RAM | 128GB SSD | 802.11ac | Bluetooth | DVD+/-RW | HDMI | Win 10",,,1154,Lenovo,4.0,Lenovo,130-15AST,Negro,0.23,25.4,15.6,,,Intel,AMD A Series,3.1,4,,DDR4 SDRAM,4.0,128,,Solid State,AMD Radeon R5,amd_radeon_r5,DDR3 SDRAM,2,Integrado,802.11ac,,,No Optical Drive,Windows 10 Home,25,4,2.6,81H5002FUS,2019-03-27
65,"Acer Spin 3 Convertible Laptop, 14"" Full HD IPS Touch, 8th Gen Intel Core I5-8265U, 8GB DDR4, 256GB PCIe Nvme SSD, Recargable Active Stylus, Windows 10 Home, SP314-53N-53SH",19595.23,,8,Acer,4.6,Acer,SP314-53N-53SH,,0.2,23.9,14.0,,,Intel,Intel Core i5,3.9,8,DDR4,,16.0,256,,Solid State,,Integrated,Shared,,Integrado,802.11ac,1,,None,Windows 10 Home,54,3,2.4,SP314-53N-53SH,2019-09-11
66,"Lenovo V110 Portátil, 14"", Intel Celeron 1.10GHz, 4GB, Windows 10",5899.0,6610.02,15,Lenovo,2.3,Lenovo,V110,Black,0.24,34.4,14.0,,,Intel,Intel Celeron,1.1,4,,,4.0,,,,,,,,,802.11ac,,1,,Windows 10,45,,2.4,V110,2017-07-27
67,"Acer SP314-51-3704 Notebook_Computer, Bluetooth+ Wi-Fi, 14inches, Intel Core_i3_8130u 2.2GHz, 4GB,, 1000GB, Windows 10,",13899.0,,,Acer,,Acer,Spin,,0.21,33.5,14.0,,,Intel,Core i3 8130U,2.2,4,,,4.0,1000,,,,,,,Integrado,802.11ab,,2,,Windows 10,45,3,2.4,SP314-51-3704,2018-08-16
68,"HP Laptop Probook 440 G5 Intel Core I5 7200 256 GB SSD y 8 GB Ram Win 10 Pro 13"" 2 TB en la nuebe",13999.0,21999.0,2,HP,3.0,HP,,,,,14.0,,,Intel,Core i5 7200U,2.5,8,,DDR4 SDRAM,,256,,eSATA,,,,,,Bluetooth,,,,Windows,4,3,2.2,,2019-12-09
69,"Lenovo Flex 14 2-en-1 portÃ¡til Convertible, 14 Pulgadas FHD (1920 x 1080) visualizaciÃ³n tÃ¡ctil, procesador AMD Ryzen 5 3500U, 12 GB DDR4 RAM, 256 GB NVMe SSD, Windows 10, 81SS000DUS, Negro",,,1417,Lenovo,4.4,Lenovo,Flex 14,Negro ónice,0.18,22.9,14.0,1920,1080,AMD,AMD R Series,2.1,12,DDR4,DDR4 SDRAM,8.0,,,Serial ATA,AMD Radeon Vega 8,Integrated,GDDR6,,Integrado,Bluetooth,,,None,Windows 10,45,4,2.2,81SS0005US,2019-07-11
70,"2020 HP 15.6"" Touchscreen Laptop Computer 10th Gen Intel Quard-Core i7 1065G7 up to 3.9GHz 8GB DDR4 RAM 512GB PCIe SSD 802.11ac WiFi Bluetooth 4.2 USB 3.1 Type-C HDMI Silver Win10",,599.0,2,HP,5.0,HP,Hp 15 Laptop,,0.18,24.2,15.6,1366,768,Intel,Intel Core i7,1.3,8,DDR4,DDR4 SDRAM,,512,,Solid State,Intel Iris Plus Graphics,intel_iris,,,PCI-E,"802.11b/g, 802.11ac, 802.11bgn, 802.11b",,,,Windows 10,42,3,2.2,15-dy,2020-01-13
71,"ASUS Chromebook Flip C302CA-DH54 Gris, Plata 31.8 cm (12.5"") 1920 x 1080 Pixeles Pantalla táctil 1.1 GHz Intel® Core™ M m5-6Y54 - Ordenador portátil (Intel® Core™ M, 1.1 GHz, 31.8 cm (12.5""), 1920 x 1080 Pixeles, 4 GB, 64 GB)",13799.0,,1806,Asus,4.1,Asus,C302CA-DH54,"Gris, Plata",0.13,21.1,12.5,1920,1080,Intel,Athlon Dual Core,1.1,4,A bordo,DDR3 SDRAM,4.0,64,Flash Memory Solid State,Solid State,Intel HD Graphics,No disponible,DDR3 SDRAM,,Integrado,802.11ac,,2,No,Chrome OS,39,2,1.9,C302CA-DH54,2017-08-18
72,"Dell Latitude E7470 - Laptop 14""  Intel Core-i7, 8GB (RAM), 256GB SSD, Wiondows 10 (Renewed)",14772.53,,36,Amazon Renewed,3.3,Dell,Latitude E7470,Gris,0.19,23.2,14.0,2560,1440,Intel,Core i7 6600U,2.4,3,SDRAM,DDR4 SDRAM,8.0,1,Memoria flash de estado sólido,Solid State,Intel HD Graphics,Integrada,Shared,,Integrado,802.11ac,,3,Ninguno,Windows 10,1,4,2.4,E7470,2019-08-01
73,"Dell Inspiron I5570_i7F82T4GSW10s_119 Laptop 15.6"" FHD, Intel Core i7-8550U, 8GB RAM, 2048GB, Windows 10",,,10,Dell,3.5,Dell,Inspiron,,0.1,38.0,15.6,,,Intel,Intel Core i7,4.0,8,,DDR4 SDRAM,16.0,2048,,,,,,,,802.11ac,,3,,Windows 10,42,1,3.0,I5570_i7F82T4GSW10s_119,2018-05-11
74,"Lenovo 81F400BELM NOTEBOOK_COMPUTER, 14inches, Intel Intel_Core_i5_3330S 1.60GHz, 8GB, GB, Windows 10,",13499.0,14999.01,1,Lenovo,3.0,Lenovo,Lenovo,Plata,30.5,6.5,14.0,1366,768,Intel,Intel Core i5-3330S,1.6,8,8GB DDR4 2400MHz,SODIMM,12.0,1,,ATA-3,,,,,,Bluetooth,,3,,Windows 10,30,3,2.1,81F400BELM,2019-05-02
75,"Laptop Dell Inspiron 5480, Pantalla 14"", Procesador Core i5 8a. Gen, 8GB RAM, 256 SSD, WIN 10, Plata, I5480_I58252GSW10S_219",21099.01,,2,Dell,4.5,Dell,Dell,Negro,36.0,8.0,14.0,,,Intel,Intel Core i5-3330S,1.6,8,DDR4,DDR4 SDRAM,32.0,,,,,,,,,Bluetooth,,3,,Windows 10,42,3,2.4,I5480_I58252GSW10S_219 F02M4,2019-02-18
76,"LAPTOP GAMING DELL ALIENWARE 15 15.6"", GEFORCE GTX 1060,  CORE i5 8 Gen. RAM 8GB, 1TB DD + 8GB SSD PLATA (A15CFL_i581T60W10s_119)",50479.15,53358.67,1,Dell,5.0,Dell,Alienware,,0.1,38.9,15.6,,,Intel,None,2.3,8,DDR4,DDR4 SDRAM,32.0,1024,,,NVIDIA GeForce GTX 1060,nvidia_geforce_gtx_1060,,,,802.11ac,,3,,Windows 10,42,,5.9,A15CFL_i581T60W10s_119,2018-05-11
77,"Asus Laptop Gamer TUF 15.6"",GeForce RTX 2060, Ryzen 5, 16GB RAM, 1TB HDD + 256GB SSD, FX505DV-AL111T",28499.0,,1,Asus,5.0,Asus,FX505DV-AL111T,,30.3,9.4,15.6,,,AMD,Ryzen 5 3500U,3.5,16,DDR4,DDR4 SDRAM,32.0,1,Unidad híbrida,Serial ATA,,Integrada,DDR4 SDRAM,16,Integrado,,1,2,CD-ROM,Windows 10,10000000,1,3.7,FX505DV-AL111T,2020-03-05
78,"Lenovo COMLEN8360 Laptop IdeaPad L340 Intel Core I5-9300H, 8 GB, 15.6 Pulgadas, Windows 10 Home, 1 TB",16999.0,19999.0,4,Lenovo,3.0,Lenovo,COMLEN8360,Negro,25.5,0.24,15.6,,,Intel,Core i5 Family,2.4,1,DRAM,DDR4 SDRAM,8.0,1000,Flash Memory Solid State,,NVIDIA GeForce GTX 1050,Integrated,DDR DRAM,,Integrado,802.11bgn,1,1,None,Windows 10 Home,5,3,3.2,Ideapad L340-15IRH,2019-08-26
79,"Asus Laptop ZenBook Duo 14"", GeForce MX250, Core i5 10a Gen, 8GB RAM, 512GB SSD, UX481FL-BM066R",33999.0,39999.0,,Asus,,Asus,UX481FL-BM066R,,23.1,5.5,14.0,,,Intel,Core i5-10210U,1.6,8,GDDR5,,8.0,,Unidad híbrida,PCIE x 8,NVIDIA GeForce MX250,Integrada,GDDR5,8,Integrado,,,3,Ninguno,Windows 10 Pro,1000,1,3.2,90NB0P61-M03070,2020-03-06
80,"Acer SF315-41G-R6MP Swift 3, 15.6"" Full HD, AMD Ryzen 7 2700U, Radeon RX 540 Gráficos, 8GB DDR4, 256GB SSD, Windows 10, Negro",19628.98,,63,Acer,3.9,Acer,,Negro,0.19,25.5,15.6,,,AMD,,3.8,8,DDR4,DDR4 SDRAM,8.0,,,,AMD Radeon RX 540,amd_radeon_rx,GDDR5,,Integrado,802.11ac,1,,None,Windows 10 Home,32,4,3.0,SF315-41G-R6MP,2018-09-29
81,"Acer Aspire 5 Slim Laptop, 15.6"" Full HD IPS Display, 10th Gen Intel Core i3-10110U, 4GB DDR4, 128GB PCIe NVMe SSD, Intel Wi-Fi 6 AX201 802.11ax, Backlit KB, Windows 10 in S Mode, A515-54-37U3",16950.0,,58,Acer,4.1,Acer,A515-54-37U3,Silver,0.18,25.0,15.6,,,Intel,Intel Core i3,4.1,4,DDR4,DDR4 SDRAM,20.0,128,,Solid State,Intel UHD Graphics 620,Integrated,Shared,,Integrado,802.11ax,1,,No Optical Drive,Windows 10,38,4,2.6,A515-54-37U3,2019-12-17
82,"Asus 2019 ROG 15.6"" FHD Gaming Ordenador, Intel Hexa-Core i7-9750H hasta 4,5 GB 16 GB DDR4, 1TB HDD + 512 GB SSD, NVIDIA GeForce GTX 1650, Wi-Fi 802.11ac, HDMI, USB 3.0, Windows 10",36450.0,,123,Asus,4.3,Asus,ASUS ROG,,0.26,26.2,15.6,1920,1080,Intel,Intel Core i7,2.5,16,DDR4,DDR4 SDRAM,128.0,512,,Solid State,NVIDIA GeForce GTX 1650 graphics,Dedicated,DDR3 SDRAM,2,Integrado,802.11ac,,,No Optical Drive,Windows 10,31,3,3.9,ROG,2019-06-27
83,"Acer Aspire 5 Slim Laptop, 15.6"" Full HD IPS Display, 10th Gen Intel Core i5-10210U, NVIDIA GeForce MX250, 8GB DDR4, 512GB PCIe NVMe SSD, Intel Wi-Fi 6 AX201 802.11ax, Backlit KB, A515-54G-53H6",18778.86,,63,Acer,4.3,Acer,A515-54G-53H6,Silver,0.18,25.0,15.6,,,Intel,Intel Core i5,4.2,8,DDR4,DDR4 SDRAM,20.0,512,,Solid State,NVIDIA GeForce MX250,Dedicated,GDDR5,,Integrado,802.11ax,1,,No Optical Drive,Windows 10 Home,38,4,2.7,A515-54G-53H6,2019-11-07
84,"LAPTOP GAMING DELL ALIENWARE M15 15.6"", GEFORCE RTX 2070,  CORE i7 8 Gen. RAM 16GB, 1TB DD + 256SSD PLATA (A15OR_i716125670W10s_120)",56091.04,61599.0,,Alienware,,Alienware,Alienware m15,,0.1,36.3,15.6,,,Intel,Intel Core i7,4.1,16,,,16.0,1000,,,NVIDIA GeForce RTX 2070,,,,,802.11ac,,,,Windows 10,60,3,4.8,A15OR_i716125670W10s_120,2019-02-25
85,"HP Laptop con pantalla táctil de 14"" para el hogar y el negocio, Ryzen 3-3200U, 8 GB de RAM, 128 GB SSD M.2, doble núcleo hasta 3.50 GHz, Vega 3 Graphics, RJ-45, USB-C, salida 4K HDMI, Bluetooth, cámara web, 1366x768, Windows 10",,,124,HP,4.3,HP,850011107829,,0.2,22.6,14.0,1366,768,AMD,Ryzen 3 2300U,2.6,8,DDR4,DDR4 SDRAM,,128,,Solid State,Radeon Vega 3 Graphics,,,,,"802.11b/g, 802.11bgn, 802.11b",,,,Windows 10,4,2,2.0,,2019-11-24
86,"Acer Swift 5, 14"" Full HD Touch, 8th Gen Intel Core i5-8250U, 8GB LPDDR3, 256GB SSD, Windows 10, SF514-52T-50AQ",26730.02,,10,Acer,3.6,Acer,,Charcoal Blue,0.15,22.8,14.0,,,Intel,Intel Core i5,1.6,8,,,8.0,256,,,Intel UHD Graphics 620,,,,,802.11ac,,,None,Windows 10 Home,46,2,1.9,SF514-52T-50AQ,2017-10-08
87,"Dell Inspiron 15.6"" Home and Business Laptop HD Touchscreen PC Core i5-8265U, 8GB RAM, 256GB SSD, 4 Cores Up to 3.90 GHz, UHD Graphics 620, Lan, Webcam, SD Card, Win 10",,,1,Dell,5.0,Dell,850011104200,,0.2,25.9,15.6,1366,768,Intel,Intel Core i5,1.6,8,DDR4,DDR4 SDRAM,,256,,Solid State,Intel UHD Graphics 620,Integrated,,,,802.11ac,,,,Windows 10,4,2,2.8,W1J46FX,2019-11-24
88,"LAPTOP GAMING DELL G7 17.3"", GEFORCE RTX 2060,  CORE i7 8 Gen. RAM 16GB, 1TB DD + 256SSD NEGRO (G717Vu_i7N16125660W10s_120)",42650.0,,14,Dell,3.8,Dell,COMDEL750,Negro,0.1,40.4,17.3,,,Intel,Core i7 8750H,4.1,256,DRAM,,16.0,1000,Flash Memory Solid State,,,Dedicated,DDR DRAM,,PCI-E,802.11ac,1,1,None,Windows 10 Home,60,4,4.7,G717Vu_i7N16125660W10s_120,2019-06-14
89,"Asus C101PA-DB02 Tablet 10.1"", Wi-Fi, 500 GB, 4 GB RAM, Athlon Dual Core 1.6 GHz, DOS",,,428,Asus,4.0,Asus,ASUS,Metal,0.15,18.3,10.1,,,AMD,Athlon Dual Core,1.6,4,DDR3,,4.0,500,Flash Memory Solid State,Solid State,ARM Mali-T860 MP4,Dedicated,,,Integrado,802.11ac,1,2,None,DOS,38,2,1.4,C101PA-DB02,2017-11-20
90,"Asus ZenBook 13 Ultra-Slim Laptop - 13.3"" Full HD Wideview, 8.ª generación Intel Core I5-8265U, Core i5 | 512G, Gris Pizarra, 13.3""",22186.99,,690,Asus,3.8,Asus,Asus ZenBook 13,Gris pizarra,0.13,21.6,13.3,,,Intel,,,8,LPDDR3,DDR3 SDRAM,16.0,512,,Solid State,Intel HD Graphics 620,Integrated,Shared,,Integrado,"802.11b/n/ac, Bluetooth",,,None,Windows 10 Home,50,4,1.9,UX331FA-AS51,2019-06-22
91,"Lenovo ThinkPad T490 Laptop (20N2-001YUS) Intel i5-8265U, 8GB DDR4 RAM, 256GB SSD, 14-inch FHD 1920x1080, Win10 Pro, 720p Webcam, Fingerprint Reader",,,2,Lenovo,5.0,Lenovo,Lenovo Thinkpad,,,,14.0,,,Intel,Intel Core i5,1.6,8,DDR4,,,256,,Solid State,Intel UHD Graphics 620,dedicated,,,,802.11ac,,,,Windows 10 Pro,39,4,2.4,,2019-05-05
92,"Laptop Microsoft Surface - Platino, Intel Core i7, 16GB RAM, 1TB",,,541,Microsoft,4.3,Microsoft,Microsoft,Platinum,34.0,25.3,13.5,,,AMD,Athlon Dual Core,1.9,16,DDR3,,4.0,500,,Solid State,,,,,Integrado,802.11g,,2,None,DOS,45,1,2.3,EUP-00001,2018-06-08
93,"Dell Latitude 3480 2.50GHz i5-7200U 14"" 1366 x 768Pixeles Negro Portátil - Ordenador portátil (Intel® Core™ i5 de la séptima generación, 2.50 GHz, 35.6 cm (14""), 1366 x 768 Pixeles, 4 GB, 500 GB)",11989.0,22128.0,1,Dell,2.0,Dell,3480,Negro,8.1,31.8,14.0,1366,768,Intel,8032,2.5,4,"SO-DIMM, DDR4-SDRAM",,16.0,500,Mechanical Hard Drive,Serial ATA,integrated_graphics,No disponible,,,,802.11ac,1,,No,Windows 10 Pro,56,3,3.3,KWG13,2017-05-26
94,"Dell Inspiron 14 2 en 1, 14 Pulgadas HD (1366 x 768) Touch| 8ª generación Intel Core i3-8145U | 4 GB 128 SSD",,,297,Dell,4.1,Dell,i5481-3595GRY-PUS,,0.2,33.6,14.0,1360,768,Intel,Core i3 Family,3.9,4,,DDR4 SDRAM,24.0,128,,Solid State,Intel HD Graphics 620,intel_hd_graphics_620,Shared,,Integrado,802.11ac,1,,None,Windows 10,5,3,2.5,Inspiron 14 5481,2019-03-06
95,"Lenovo ideapad S340 - computadora portátil de 15,6"" (procesador Intel Core i3-8145U de Doble núcleo, Memoria de 8 GB, Unidad de Estado sólido de 128 GB, Windows 10, Color Negro ónix 81N800H3US)",,,1,Lenovo,1.0,Lenovo,81N800H3US,Negro,0.18,24.4,15.6,,,Intel,Intel Core i3,2.1,8,DDR4,DDR4 SDRAM,,128,,Solid State,ntegrated Intel UHD Graphics 620,,,,Integrado,"802.11bgn, 801.11ac, Bluetooth",,,,Windows 10,36,3,2.4,,2019-07-20
96,"ASUS 2020 TUF 15.6 Inch FHD IPS Gaming Laptop (AMD Ryzen 7 R7-3750H up to 4.0 GHz, 8GB RAM, 256GB SSD, NVIDIA GeForce GTX 1650, RGB Backlit Keyboard, Bluetooth, WiFi, HDMI, Windows 10)",,,,Asus,,Asus,Asus,,0.19,26.2,15.6,1920,1080,AMD,AMD A Series,2.3,8,,DDR4 SDRAM,,256,,Serial ATA,NVIDIA GeForce GTX 1650,nvidia_geforce_gtx,,,,802.11ac,,,,Windows 10,48,3,3.3,Asus,2019-08-29
97,"Asus Chromebook Flip C436 2-in-1 Laptop, 14"" Touchscreen FHD 4-Way NanoEdge, Intel Core i3-10110U, 128GB PCIe SSD, Fingerprint, Backlit KB, Wi-Fi 6, Chrome OS, C436FA-DS388T, Magnesium-Alloy, Silver",22736.14,,1,Asus,5.0,Asus,Chromebook Flip,,0.14,20.6,14.0,,,Intel,Intel Core i3,4.1,8,,DDR3 SDRAM,8.0,,,,Intel UHD Graphics,Integrated,Shared,,Integrado,"802.11ax, Bluetooth",,,No Optical Drive,Chrome OS,,3,2.7,C436FA-DS388T,2020-02-24
98,"Lenovo Thinkpad E590_8_256_HD Parent, Negro, 16GB/512GB PCIe SSD",,,155,Lenovo,4.1,Lenovo,E590 Notebook PC,Negro,0.2,36.9,15.6,1366,768,Intel,Intel Core i5,1.6,16,DDR4,DDR4 SDRAM,,512,,PCIE x 4,Intel UHD Graphics 620,,,,,"802.11ac, Bluetooth",1,,,Windows 10 Pro,5,3,2.8,E590 Business Laptop,2019-06-29
99,"Lenovo Ideapad 330 Laptop de 15.6"", antirreflejos HD premium, empresarial, (AMD A9-9425 hasta 3.7 GHz, 8 GB de memoria DDR4, 256 GB SSD, AMD Radeon R5 Graphic, DVD-RW, HDMI, Windows 10 Home), púrpura",,,270,Lenovo,4.0,Lenovo,Lenovo 330-15AST,,0.25,26.0,15.6,,,AMD,AMD A Series,3.1,8,DDR4,DDR4 SDRAM,,256,,Solid State,AMD Radeon R5 Graphic,Integrated,,,Integrado,802.11ac,,,,Windows 10,17,2,2.6,Ideapad 330 15,2019-09-20
100,"Dell 2020 Inspiron 14"" Laptop 10th Gen Intel Quad-Core i5-1035G4, 8GB DDR4 RAM, 128 GB SSD, WiFi + Bluetooth, HDMI, i5-8265u | 8GB RAM | 256GB SSD",,,373,Dell,4.3,Dell,i3583-i5-8gb-256gb,,0.2,25.9,15.6,1366,768,Intel,Intel Core i5,1.6,8,DDR4,DDR4 SDRAM,0.01,256,,Solid State,Intel UHD Graphics 620,Integrated,DDR4 SDRAM,,Integrado,802.11ac,1,,No Optical Drive,Windows 10,5,2,2.8,,2019-11-25
101,"Asus ZenBook Laptop 2.66GHz computadora Negro PC, Plata | Antiparabrisas., 14''",,,6,Asus,3.7,Asus,Asus ZenBook 14,,0.15,19.8,14.0,,,Intel,Intel Core i5,3.9,8,DDR3,DDR3 SDRAM,8.0,256,,Solid State,Intel UHD Graphics 620,Integrated,Shared,,Integrado,"802.11b/n/ac, Bluetooth",1,2,None,Windows 10 Pro,50,3,2.2,UX433FA-XH54,2018-12-20
102,"ASUS VivoBook BR349T. Intel Core i7. 8GB RAM. 1TB HDD. Windows 10. 15.6"". Gris",,,12,Asus,3.4,Asus,ASUS X Series,Grey,0.19,36.1,15.6,,,Intel,Intel Core i7,2.5,8,DDR3,DDR4 SDRAM,16.0,1000,,,,nvidia_geforce_940mx,,,,802.11bgn,,1,,Windows 10,65,,2.7,X510UQ-BR349T,2018-03-26
103,"Laptop Gamer ROG GL504GS-DS74 Tablet 15.6 "", Wi-Fi, 500 GB, 4 GB de RAM, Athlon Dual Core 2.2 GHz, DOS",48799.0,,44,ROG,4.4,ROG,ASUS,,0.26,26.2,15.6,,,AMD,Athlon Dual Core,2.2,16,DDR3,DDR4 SDRAM,4.0,500,,,NVIDIA GeForce GTX 1070,nvidia_geforce_gtx_1070,,,PCI-E,802.11a/b/g/n/ac,,2,None,DOS,66,4,4.4,GL504GS-DS74,2018-07-28
104,"Dell Inspiron 14 2 en 1, 14 Pulgadas HD (1366 x 768) Touch| 8ª generación Intel Core i3-8145U | 4 GB 128 SSD",,,297,Dell,4.1,Dell,i5481-3595GRY-PUS,,0.2,33.6,14.0,1360,768,Intel,Core i3 Family,3.9,4,,DDR4 SDRAM,24.0,128,,Solid State,Intel HD Graphics 620,intel_hd_graphics_620,Shared,,Integrado,802.11ac,1,,None,Windows 10,5,3,2.5,Inspiron 14 5481,2019-03-06
105,Laptop Gamer Asus ROG Zephyrus M i7 16GB 256GB 1TB GTX 1070,,,96,Asus,3.7,Asus,GM501GS-XS74,Negro,0.2,26.2,15.6,1920,1080,Intel,Intel Core i7,2.2,16,DDR4-SDRAM,DDR4 SDRAM,32.0,1256,,Serial ATA,NVIDIA GeForce GTX 1070,NVIDIA GeForce GTX 1070,GDDR5,,PCI-E,802.11a/b/g/n/ac,,,No,Windows 10 Pro,55,4,4.1,GM501GS-XS74,2018-04-03
106,"Asus Laptop VivoBook 15.6"", Radeon Vega 8, Ryzen 5, 8GB RAM, 1TB HDD, Azul, X512DA-BR052T",12999.0,,,Asus,,Asus,X512DA-BR052T,,,,15.6,,,AMD,Ryzen 5 3500U,3.6,8,DDR4,,12.0,1,Disco duro mecánico,Serial ATA,AMD Radeon RX Vega 8,Integrada,DDR DRAM,,Integrado,,1,2,Ninguno,Windows 10,1000,1,2.6,,2020-03-31
107,"Panasonic Toughbook CF-31 3ª generación, 8 GB | 240 SSD",12700.72,,16,Amazon Renewed,4.3,Toughbook,CF-31,,,,13.1,,,Intel,Core i5-3340M,2.7,8,DDR3,DDR3 SDRAM,,240,,Serial ATA-300,Intel HD Graphics,Integrated,,,,Bluetooth,,,,Windows 10,87,1,4.9,CF-31,2019-03-07
108,HP (17-BY1053DX) 17.3 Laptop – Core i5-8265U – 8 GB de memoria – unidad de estado sólido de 256 GB – Windows 10 Home en modo S – Jet Black/Maglia Pattern,,,94,HP,4.2,HP,17-BY1053DX,jet black,13.5,27.2,17.3,,,Intel,Intel Core i5,1.6,8,,DDR4 SDRAM,0.01,256,,Serial ATA,Intel HD Graphics 620,Integrated,DDR4 SDRAM,,Integrado,,1,,No Optical Drive,Windows 10,41,3,3.0,7QK06UA,2019-09-29
109,"HP Nuevo 2019 Flagship 14"" Laptop Intel Pentium Gold 4 GB Ram 128 GB SSD Marco de Teclado Plateado",,,196,HP,4.4,HP,14-cf0012dx,,7.1,30.0,14.0,,,Intel,Pentium Other,2.3,4,,DDR4 SDRAM,4.0,128,,,Graphics 610,intel_hd,DDR3 SDRAM,2,Integrado,,,,No Optical Drive,Windows 10,10,2,2.0,14-cf0012dx,2019-09-08
110,"2020 Dell Inspiron 14"" Laptop Computer 10th Gen Intel i3 1005G1 Up to 3.4GHz 4GB DDR4 RAM 128GB PCIe SSD Untel UHD Graphics HDMI 802.11ac WiFi Bluetooth 4.1 Windows 10",,,6,Dell,5.0,Dell,i3493-3464BLK-PUS,Negro,0.2,23.3,14.0,1366,768,Intel,Core i3 Family,1.2,4,DDR4,DDR4 SDRAM,,128,,Solid State,Intel UHD Graphics,intel_hd_graphics_620,,,,802.11ac,,,,Windows 10,45,1,2.4,i3493-3464BLK-PUS,2019-11-30
111,"MSI GF75 17.3"" Gaming Laptop Intel Core i7-9750H 8GB RAM 512GB SSD 120Hz GTX 1650 Aluminum Black",,,6,MSI,4.1,MSI,,,,,17.3,,,,8032,,,,,,,,,NVIDIA GeForce GTX 1050 Ti,dedicated,,,,,,,,,62,,4.0,,2019-12-15
112,"Lenovo ThinkPad T440 - Ordenador portátil (Ultrabook, Black, Clamshell, 2.9, Intel Core i7, i7-4600M)",6343.48,,2,Lenovo,3.3,Lenovo,T440,Black,23.2,0.21,14.0,1366,768,Intel,Intel Core i5-4200U,2.9,4,DDR3-SDRAM,DDR3 SDRAM,12.0,500,HDD 7200 rpm,,Intel HD Graphics 4400,Intel HD Graphics 4600,,,,802.11ac,,2,None,Windows 8 Pro,47,6,2.9,20B6008EUS,2014-03-23
113,"Laptop Lenovo V330 Intel Core I5-8250U, Windows 10 Pro 64 bit, RAM 4GB, HDD 1TB, Tarjeta de Video Intel UHD Graphics 620, 14"", Color Gris Hierro",12499.0,14999.0,,Lenovo,,Lenovo,Lenovo V330,Iron Grey,0.23,34.3,14.0,,,LENOVO,Intel Core i3,1.6,4,,DDR4 SDRAM,16.0,,,,Intel UHD Graphics 620,,,,,802.11g,,2,,W10 PRO STD,3,3,2.4,81B00011LM,2018-09-21
114,"Dell Latitude 3480 2.50GHz i5-7200U 14"" 1366 x 768Pixeles Negro Portátil - Ordenador portátil (Intel® Core™ i5 de la séptima generación, 2.50 GHz, 35.6 cm (14""), 1366 x 768 Pixeles, 4 GB, 500 GB)",11989.0,22128.0,1,Dell,2.0,Dell,3480,Negro,8.1,31.8,14.0,1366,768,Intel,8032,2.5,4,"SO-DIMM, DDR4-SDRAM",,16.0,500,Mechanical Hard Drive,Serial ATA,integrated_graphics,No disponible,,,,802.11ac,1,,No,Windows 10 Pro,56,3,3.3,KWG13,2017-05-26
115,"LAPTOP GAMING DELL G7 17.3"", GEFORCE RTX 2060,  CORE i5 9 Gen. RAM 8GB, 1TB DD + 128SSD NEGRO (G717Vu_i5N8112860W10s_120)",29967.2,32499.0,1,Dell,5.0,Dell,COMDEL400,,37.5,7.7,17.3,,,Intel,Intel Core i5,2.3,8,,,256.0,1000,,,,,,,,802.11b/g,,2,,Windows 10,60,4,4.6,COMDEL400,2019-06-14
116,"Asus Village Candle Balsam Fir - Vela aromática en Tarro de Vidrio (473 ml, tamaño Mediano), Negro | 16 | 1T | RTX 2070, 15-15.99 Inches",,,614,Asus,4.1,Asus,ROG Zephyrus M GU502GW,,0.2,25.2,15.6,,,Intel,Intel Core i7,4.5,16,DDR4,DDR4 SDRAM,32.0,1,,Solid State,NVIDIA GeForce RTX 2070 Max-Q,Dedicated,GDDR6,,PCI-E,"802.11b/n/ac, Bluetooth",,,No Optical Drive,Windows 10 Home,76,4,3.9,GU502GW-AH76,2019-10-11
117,"HP 14"" HD Intel N4000 2.6GHz 4GB RAM 64GB eMMC Webcam Windows 10 Laptop + 1 Year Microsoft Office",,,27,HP,4.4,HP,7MP91UA,Plateado,0.2,22.6,14.0,1366,768,Intel,Celeron N,2.6,4,DDR,DDR SDRAM,,64,,USB,Intel® UHD Graphics 600,Integrated,DDR4 SDRAM,,Integrado,802.11ac,1,,No Optical Drive,Windows 10,35,3,2.1,7MP91UA,2019-12-10
118,"HP 15.6-inch HD WLED-Backlit Touchscreen Business Laptop, 10th Gen Intel Core i5-1035G1 up to 3.6GHz, 8GB DDR4, 512GB SSD, HD Camera, HD Audio, 802.11 AC, Bluetooth, USB 3.1 Type-C, HDMI, Windows 10",,,8,HP,4.4,HP,HP,,0.18,35.8,15.6,1366,768,Intel,Intel Core i5,1.0,8,DDR4,DDR4 SDRAM,,512,,Solid State,Intel UHD Graphics,,,,,802.11ac,,,,Windows 10,41,3,2.2,HP 15,2019-12-11
119,"Acer Chromebook Spin 13 CP713-1WN-53NF 2 en 1 convertible, 8.ª generación Intel Core i5-8250U, pantalla táctil de resolución 2K, 8 GB LPDDR3, 128 GB eMMC, teclado retroiluminado, chasis de aluminio, Solo Chromebook, Gris Acero, 13-13.99 inches",21850.48,24049.0,145,Acer,4.2,Acer,Acer Chromebook,Gris Acero,0.17,31.0,13.5,,,Intel,,,4,,,8.0,128,,eSATA,8th Gen Intel (i5),Integrated,Shared,,Integrado,Bluetooth,,,None,Chrome OS,46,3,2.4,CP713-1WN-53NF,2018-10-23
120,"New HP 15.6"" HD Touchscreen Laptop Intel Core i3-1005G1 8GB DDR4 RAM 128GB SSD HDMI Bluetooth 802.11/b/g/n/ac Windows 10 15-dy1731ms Silver",,,76,HP,4.2,HP,15-dy1731ms,Plateado,0.18,24.2,15.6,1366,768,Intel,Intel Core i3,1.2,8,DDR4,DDR4 SDRAM,8.0,128,,Solid State,Intel UHD Graphics,Integrated,DDR3 SDRAM,2,Integrado,"802.11b/g, 802.11bgn, 802.11b",,,No Optical Drive,Windows 10,30,3,2.2,7PA01UA,2019-12-07
121,"Acer Spin 5 SP515-51GN-83YY, 15.6"" Full HD Touch, 8th Gen 15.6"" 1366 x 768Pixeles visualización táctil Plata Híbrido (2-en-1), Spin 5, Gris Acero, 15-15.99 inches",27662.42,,39,Acer,3.3,Acer,SP515-51GN-83YY,Steel Gray,0.18,38.2,15.6,,,Intel,Intel Core i7,4.0,8,,,16.0,1000,,Serial ATA,NVIDIA GeForce GTX 1050,nvidia_geforce_gtx_1050,GDDR5,,PCI-E,802.11ac,1,,None,Windows 10 Home,32,4,3.3,SP515-51GN-83YY,2018-07-28
122,"Lenovo Thinkpad E590_8_256_HD Parent, Negro, 16GB/512GB PCIe SSD",,,155,Lenovo,4.1,Lenovo,E590 Notebook PC,Negro,0.2,36.9,15.6,1366,768,Intel,Intel Core i5,1.6,16,DDR4,DDR4 SDRAM,,512,,PCIE x 4,Intel UHD Graphics 620,,,,,"802.11ac, Bluetooth",1,,,Windows 10 Pro,5,3,2.8,E590 Business Laptop,2019-06-29
123,"SAMSUNG Chromebook 4 Chrome OS 11.6"" HD Intel Celeron Procesador N4000 4GB RAM 32GB eMMC Gigabit Wi-Fi - XE310XBA-K01US, Plateado, 15 Pulgadas",,,42,Samsung,4.5,SAMSUNG,Chromebook 4+,Plateado,0.17,24.5,15.6,,,Intel,Celeron N3450,1.1,4,,DDR4 SDRAM,4.0,32,,Ethernet,Intel Celeron Processor N4000,Integrated,Shared,,Integrado,801.11ac,,,No Optical Drive,Chrome OS,39,2,2.3,XE350XBA-K01US,2019-09-27
124,"Dell Inspiron I5570_i7F82T4GSW10s_119 Laptop 15.6"" FHD, Intel Core i7-8550U, 8GB RAM, 2048GB, Windows 10",,,10,Dell,3.5,Dell,Inspiron,,0.1,38.0,15.6,,,Intel,Intel Core i7,4.0,8,,DDR4 SDRAM,16.0,2048,,,,,,,,802.11ac,,3,,Windows 10,42,1,3.0,I5570_i7F82T4GSW10s_119,2018-05-11
125,"Dell I3585_R5825BW10s_120 Laptop con Pantalla de 15.6"", ( AMD 3.6 GHz, 8 GB RAM, 256 GB SSD, Windows 10), Color Negro",,,1,Dell,1.0,Dell,Inspiron,Negro,0.1,38.0,15.6,,,AMD,None,3.6,8,DDR4,DDR4 SDRAM,8.0,,,,AMD Radeon RX Vega 8,,,,,802.11ac,,2,,Windows 10,42,3,2.8,I3585_R5825BW10s_120,2019-02-18
126,"Alienware 15.6"" Laptop - Intel Core i7 - 16GB Memory - NVIDIA GeForce GTX 1070 - 1TB Hard Drive + 256GB Solid State Drive - Black",,,1,Alienware,5.0,Alienware,Alienware,Negro,0.25,30.5,15.6,1920,1080,Intel,Core i7 8750H,2.1,16,,DDR SDRAM,16.0,1,,eSATA,NVIDIA GeForce GTX 1070,nvidia_geforce_gtx_1070,DDR4 SDRAM,6,Integrado,Bluetooth,,,No Optical Drive,Windows 10,60,3,6.2,Alienware 15 R4,2018-05-23
127,"Acer E5-576-392H Aspire E 15 Laptop Full HD, 8º Gen Intel Core i3-8130U, 6GB de memoria RAM, 1TB HDD, 8X DVD, Negro obsidiana, 15.6 pulgadas [Teclado ingles]",,,2610,Acer,4.2,Acer,Aspire E series,Negro obsidiana,0.3,25.9,15.6,,,Intel,Intel Core i3,2.2,6,,DDR3 SDRAM,32.0,1000,,Serial ATA,Intel HD Graphics 620,,DDR3 SDRAM,,PCI-E,802.11ac,1,,DVD-RW,Windows 10,28,6,3.1,E5-576-392H,2018-03-27
128,"HP 2019 14"" Laptop - Intel Core i3 - 8GB Memory - 128GB Solid State Drive - Ash Silver Keyboard Frame (14-CF0014DX)",,,646,HP,4.3,HP,,,5.1,57.4,14.0,,,Intel,Intel Core i3,2.4,8,,DDR4 SDRAM,128.0,1,,,,,,,AGP,"802.11b/g, 802.11bgn, 802.11b",1,,None,Windows 10,41,3,2.0,14-CF0014DX,2018-12-01
129,"Lenovo Legion Y7000 Gaming Laptop, 15.6"" FHD (1920 x 1080) IPS Anti-Glare Laptop (Intel Core i5-8300H Processor, 8 GB DDR4 2666 MHz, 1 TB HDD + 128 GB PCIe SSD, Windows 10 Home) 81LD0007US, Black",27784.36,,,Lenovo,,Lenovo,,black,26.7,0.27,15.6,,,Intel,,2.3,8,,,8.0,1000,,Serial ATA,NVIDIA GeForce GTX 1050,,,,Integrado,,,,None,Windows 10 Home,52,1,4.1,81LD0007US,2019-02-03
130,"Asus VivoBook L203MA Ultra-Thin Laptop, 11.6” HD, Intel Celeron N4000 Processor (up to 2.6 GHz), 4GB RAM, 64GB eMMC, USB-C, Windows 10 in S Mode, One Year of Microsoft Office 365, L203MA-DS04",7822.57,,860,Asus,4.1,Asus,ASUS VivoBook L203,,0.17,19.3,11.6,,,,Intel Celeron,,4,,DDR4 SDRAM,,64,,,,,,,Integrado,"802.11a/b/g/n/ac, Bluetooth",,,,,38,2,1.5,L203MA-DS04,2019-04-24
131,"Acer Aspire 5, 15.6"" Full HD IPS visualización, 8th Gen Intel Core i5-8265U, 8GB DDR4, 256GB PCIe NVMe SSD, Teclado retroiluminado, Lector de Huellas Dactilares, Windows 10 Home, A515-54-51DJ",,,1471,Acer,4.4,Acer,A515-54-51DJ,Plateado,0.18,25.0,15.6,,,Intel,Intel Core i5,3.9,8,DDR4,DDR4 SDRAM,16.0,256,,Solid State,Intel UHD Graphics 620,,Shared,,Integrado,802.11ac,1,,None,Windows 10,38,3,2.6,A515-54-51DJ,2019-05-25
132,"MSI Prestige 14 A10SC-051 White 14"" Ultra Delgado y Ligero Profesional, 14""|MX250|i5-10210U|8GB|512GB NVMe, 14-14.99 Inches",25985.58,,7,MSI,3.7,MSI,Modern 14 A10RB-459,,0.16,22.2,14.1,,,Intel,,,8,DDR4,SODIMM,128.0,512,,PCIE x 4,,Dedicated,GDDR5,,PCI-E,802.11ac,2,,No Optical Drive,Windows 10 Pro,4000,4,3.0,Modern 14 A10RB-459,2019-08-29
133,Acer Laptop Aspire 1 A115-31-C23T Celeron N4000 4GB 64GB eMMC 15 HD Wind10,9499.0,,17,Acer,3.9,Acer,Aspire One,Negro,11.4,36.3,15.6,1366,768,Intel,Celeron N,1.1,4,DDR4,DDR4 SDRAM,,64,,Serial ATA-600,Intel UHD Graphics 600,Integrated,DDR4 SDRAM,,Integrado,Bluetooth,1,,No Optical Drive,Windows 10,52,3,2.6,Aspire 1,2019-11-01
134,"ASUS L402WA-EH21 Thin and Light 14” HD Laptop; AMD E2-6110 Quad Core 1.5GHz Processor,AMD Radeon R2 Graphics,4GB RAM,32GB eMMC Flash Storage,Windows 10 S with FREE 1yr Office 365 Subscription Included",,,671,Asus,3.6,Asus,Vivobook,,0.23,23.6,14.0,,,AMD,E2-6110,1.5,4,,DDR3 SDRAM,4.0,32,,Solid State,AMD Radeon R2,amd _radeon_r2,Shared,4,Integrado,"802.11ac, Bluetooth",1,,No Optical Drive,Windows 10 S,32,3,2.2,L402WA-EH21,2017-11-06
135,"Laptop Dell Inspiron 5391, Pantalla 13.3"", Procesador Core i5 10a. Gen, 8GB RAM, 256 SSD, WIN 10, Color Plata, I5391_i58256SW10s_520",,789.0,,Dell,,Dell,Inspiron Notebooks,,0.07,30.8,13.3,,,Intel,Intel Core i5,4.4,8,,,16.0,,,,,,,,,802.11ac,,,,Windows 10,45,4,2.0,I5391_i58256SW10s_520,2019-09-23
136,"Asus TUF FX505DT Gaming Laptop, 15.6” 120Hz Full HD, AMD Ryzen 5 R5-3550H Processor, GeForce GTX 1650 Graphics, 8GB DDR4, 256GB PCIe SSD, Gigabit Wi-Fi 5, Windows 10 Home, FX505DT-AH51, RGB Keyboard",,,1240,Asus,4.5,Asus,TUF FX505DT,,0.25,26.2,15.6,,,AMD,,,8,DDR4,DDR4 SDRAM,32.0,256,,Solid State,NVIDIA GeForce GTX 1650,Dedicated,GDDR5,,PCI-E,"802.11a/b/g/n/ac, Bluetooth",1,,No Optical Drive,Windows 10 Home,48,3,3.2,FX505DT-AH51,2019-09-23
137,"Asus VivoBook F510UA Thin and Lightweight 15.6"" FHD WideView NanoEdge Laptop, Intel Core i5-7200U 2.5GHz, 8GB DDR4 RAM, 1TB HDD, USB Type-C, Fingerprint Reader, Windows 10 - F510UA-AH50",,,3243,Asus,4.1,Asus,Asus VivoBook F510,,0.2,24.4,15.6,,,Intel,Intel Core i5,,8,,DDR4 SDRAM,16.0,1000,,Serial ATA,Intel HD Graphics 620,Integrated,Shared,,Integrado,802.11ac,2,,No Optical Drive,Windows 10 Home,42,3,2.6,F510UA-AH50,2018-12-14
138,"Dell 2019 Inspiron 15 6"" HD Touchscreen Flagship Premium Laptop Computer, 8th Gen Intel Core i3-8145U Up to 3.1GHz, 8GB DDR4 RAM, 128GB SSD, HDMI, USB 3.0, Bluetooth, WiFi, Windows 10 Home",11039.0,,40,Dell,4.1,Dell,Dell Inspiron,,7.6,49.3,15.6,1920,1080,Intel,Core i3 Family,2.1,8,DDR4,DDR4 SDRAM,8.0,128,,Solid State,AMD Radeon R7,integrated,DDR4 SDRAM,8,Integrado,802.11bgn,1,,No Optical Drive,Windows 10,40,3,2.6,I3583-3756BLK-PUS,2019-07-14
139,"Asus Laptop VivoBook S15,  15"", Core i7, 12GB RAM, 512GB SSD, Azul, S531FA-EJ130T",23399.0,,,Asus,,Asus,S531FA-EJ130T,,,,15.6,,,Intel,Core i7 8550U,1.8,12,DDR4,,12.0,12,Unidad híbrida,PCIE x 2,,Integrada,DDR4 SDRAM,,Integrado,,2,,Ninguno,Windows 10,1000,1,2.6,S531FA-EJ130T,2020-03-10
140,"Dell Inspiron I5480 Pantalla 15.6”, Intel Core i5, 8 GB RAM, 256 GB SSD, NVIDIA GeForce MX250 2GB, Windows 10",21099.0,,2,Dell,5.0,Dell,Inspiron 14 5000,Gris/Negro,0.08,32.4,14.0,,,Intel,Intel Core i5,3.9,8,,,32.0,,,,NVIDIA GeForce MX250,,,,,802.11ac,,,,Windows 10,42,3,2.3,I5480_i58252GSW10s_120,2019-08-05
141,"Acer Swift 3, 14"" Full HD IPS, 10th Gen Intel Core i5-1035G1, 8GB LPDDR4, 256 GB PCIe NVMe SSD, Intel Wireless Wi-Fi 6 AX201 802.11ax, Teclado retroiluminado, Windows 10, SF314-57-59EY, Gris",19297.78,,7,Acer,3.7,Acer,SF314-57-59EY,Gris,0.16,21.7,14.0,,,Intel,,,8,LPDDR4,,8.0,256,,Solid State,,Integrated,Shared,,Integrado,802.11ax,1,,No Optical Drive,Windows 10 Home,50,3,2.0,SF314-57-59EY,2019-12-06
142,"Lenovo Laptop 330-15IGM 15.6 "" Intel Pentium 4GB 500GB",,,23,Lenovo,3.6,Lenovo,330-15IGM,Plateado,0.23,35.8,15.6,,,Intel,None,1.1,4,DDR4 SDRAM,,8.0,500,,eSATA,Intel UHD Graphics 600,Integrada,DDR4 SDRAM,,Integrado,802.11ac,1,1,DVD+RW,Windows 10,5,2,2.7,81D100EDUS,2019-01-07
143,"Lenovo 81N5001GLM Notebook_Computer,Bluetooth+ Wi-Fi,15.6inches,Intel Core_i3 2.1GHz,4GB,DDR3,1000GB,Windows 10,Negro",,13999.0,2,Lenovo,5.0,Lenovo,ideaPad C340-15IWL,Negro,25.0,0.2,15.6,,,Intel,Intel Core i3,2.1,4,DDR3,DDR4 SDRAM,16.0,1000,,,,,,,Integrado,802.11bgn,,2,None,Windows 10,5,3,2.9,81N5001GLM,2019-08-26
144,"Laptop Dell Inspiron 5481 2en1 14” Pantalla Táctil,  Core i3 8a. Gen. 4GB RAM 1TB DD, Win 10, Plata -  I5481_i3T41TSW10s_219",11699.0,13699.01,4,Dell,3.1,Dell,Inspiron,,0.1,33.6,14.0,,,Intel,Intel Core i3,3.9,4,,,4.0,1000,,,,,,,,802.11ac,,2,,Windows 10,42,3,2.6,I5481_i3T41TSW10s_219_LC,2019-02-18
145,"Asus Laptop Gamer ROG Strix G, 15.6"", GeForce GTX 1650, Core i7, 16GB RAM, 512 BSSD, Numberpad, G531GT-AL249T",28999.0,,,Asus,,Asus,G531GT-AL249T,,,,15.6,,,Intel,Core i7 8750H,4.5,16,DDR4,,32.0,,Tarjeta multimedia integrada,,,GeForce GTX 1650,GDDR5,,PCI-E,,1,2,Ninguno,Windows 10,1000,1,5.8,,2020-03-31
146,"ASUS Laptop BV270T. Core i3. 4GB RAM+16 OPTANE. 1TBHDD. 14"" Gris",9999.0,11449.0,7,Asus,4.1,Asus,ASUS Laptop,Stary Grey IMR with hairline,32.8,24.6,14.0,,,Intel,None,2.3,4,,,,,,,,,,,,802.11bgn,,1,,Windows 10,2,1,2.2,X407UA-BV270T,2019-04-15
147,"Asus X512DA-BR657T Notebook_Computer, Bluetooth+ Wi-Fi, 15.6inches, AMD C_Series_Dual_Core_C_50 2.5GHz, 4GB,, GB, Windows 10, Coral",10999.0,12499.0,,Asus,,Asus,ASUS VivoBook 15,Coral,23.0,0.2,15.6,,,AMD,C-Series Dual Core C-50,2.5,4,,,12.0,,SATA 1TB 5400RPM 2.5' HDD/ SATA3 128G M.2 SSD,,AMD Radeon Vega 3,,,,,802.11ac,,2,,Windows 10,42,1,2.6,X512DA-BR657T,2019-08-05
148,"Huawei Matebook D 14"", Amd Ryzen, Windows 10, Ssd 512 Gb 8Gb Ram, Color Plateado (Mystic Silver)",14999.0,16999.0,4,Huawei,4.3,HUAWEI,"MateBook D 14""",Blanco,,,14.0,,,,,,8,,,,,,,AMD Radeon RX Vega 8,,,,,,,,,Windows,,1,2.1,,2020-01-31
149,"Lenovo Ideapad L340 - Laptop de Juego con Microsoft Office Home y Student 2019, Portátil , Negro, 15.6""",21884.98,,450,Lenovo,4.4,Lenovo,L340 Gaming,Black,0.24,25.5,15.6,1600,1200,Intel,Intel Core i5,2.4,8,,SODIMM,8.0,512,,Solid State,NVIDIA GeForce,,GDDR5,,Integrado,Bluetooth,,,None,Windows 10,45,3,3.2,81LK00HDUS,2019-09-06
150,"Laptop Asus S510UA-DS7 15.6""  8GB RAM 1128 GB HDD Intel HD Graphics 620  Windows 10, teclado en inglés - Color oro",19999.0,,204,Asus,4.3,Asus,ASUS,Oro,0.18,24.4,15.6,1920,1080,AMD,Athlon Dual Core,1.8,8,DDR4-SDRAM,DDR4 SDRAM,16.0,1128,Hybrid Drive,Serial ATA,Intel HD Graphics 620,No disponible,,,Integrado,"802.11a/b/g/n/ac, Bluetooth",2,2,No,Windows 10,42,3,2.5,S510UA-DS71,2018-01-24
